content_type,ID,Category,PairNo,Role1,Text1,Role2,Text2,,,,,,,,,,
faq,common,faq_search,,「本市職員」とは、なんですか。,,"「本市職員」とは以下の範囲をいいます。
・横浜市区局職員
・企業局職員
・市費移管職員（小中学校・小中一貫校・特別養護学校の教職員）
※いずれも再任用職員・嘱託員は含まない
  
これらの人と同居している場合は、住居届の申請画面「同居の本市職員欄」に入力が必須です。
これらの人が配偶者の場合は、配偶者欄に入力が必須です。
これらの同居人に住居手当受給権がある場合（同性で共同名義を除く）で一方の職員が住居届を受給する場合、住居手当を受給しない方の職員が記載した申出書を、住居手当を受給する職員が添付書類として提出する必要があります。",,本市職員・定義・再任用・嘱託員・住居届・扶養親族等異動届,,,,,,,,,
faq,fuyo,,,扶養者変更で増申請をしています。配偶者側からの資格喪失証明書は、新たな保険に加入してからでないと発行できないと言われてます。,,"以下について教えていただけますか。
①健康保険会社名
②資格喪失日
伺った内容を確認担当に申し伝えます。何かあれば、再度センターからご連絡差し上げますので、ご了承ください。",,扶養者変更・資格喪失証明書・健康保険・新規加入後・配偶者,,,,,,,,,
faq,fuyo,,,"扶養手当のみの増申請をします。子供で無収入です。
添付書類は何になりますか",,"1.住民票
2.扶養状況申立書",,扶養手当・増申請・子ども・無収入・添付書類・住民票・扶養状況申立書,,,,,,,,,
faq,fuyo,,,"扶養手当のみ増申請をします。20歳の子で、限度額以下の収入ですがアルバイト収入があります。
添付書類は何を提出しますか。",,"1.住民票
2.扶養状況申立書
3.被扶養者収入状況申告書
4.給与明細のコピー３か月分",,扶養手当・増申請・子ども・アルバイト・限度額以下・被扶養者収入状況申告書・給与明細,,,,,,,,,
faq,fuyo,,,個人事業主の妻を扶養します。年間収入で入力する金額は控除前の金額でしょうか、収入から控除額を引いた金額でしょうか。,,"収入から控除額を引いた金額を入力ください。収入の種類に
事業収入　収入○○円　控除額○○円と入力する",,個人事業主・妻・年間収入・控除前・控除後・事業収入・入力方法,,,,,,,,,
faq,fuyo,,,「障害者控除対象者認定書」を発行されました。障害に当たるようですので申請をしたいです。,,"◎「障害者等欄」に入力する内容
①認定書の「発簡番号」（右上に記載されている番号）　
②認定者の氏名・・・「横浜市○○福祉保健センター長」　
③障害事由　 （例）「身体障害者（１・２級）に準ず」、「認知症（重度）に準ず」　→特別障害者
「身体障害者（3～6級まで）に準ず」、「認知症（軽度または中度）に準ず」→障害者　
④認定日・・・当該障害事由に該当することを認定された日

 例：○○障害、発簡番号、横浜市○○福祉保健センター長
     認定日 ",,障害者控除・認定書・申請方法・発簡番号・障害事由・特別障害者,,,,,,,,,
faq,fuyo,,,出生による共済の増申請をします。1/1に生まれましたがいつまでに申請すると1/1から適用されますか。,,"事由日(出生日)から30日以内に申請ください。出生の場合事由日から１日目と起算します。
1月30日までに申請ボタンを押下すると、１月１日から適用されます。",,出生・共済・増申請・事由日・30日以内・1月1日・適用日,,,,,,,,,
faq,fuyo,,,結婚をして配偶者を扶養に入れます。戸籍謄本を準備いたところ、「戸籍全部事項証明書」と記載があります。これを提出してもよいのでしょうか。,,戸籍全部事項証明書＝戸籍謄本です。提出ください。,,結婚・配偶者・戸籍謄本・戸籍全部事項証明書・添付書類,,,,,,,,,
faq,fuyo,,,結婚をしました、妻とは別居ですが同居したら扶養に入れる予定です。結婚の申請はどうしたらよいのでしょうか,,"配偶者の方を同居となり、扶養申請されるときに申請ください。　
届出事由：「増　結婚」
事由日：婚姻日・同居した日にいずれか遅い日

参照：変更事項No,576",,結婚・別居・同居予定・申請タイミング・事由日・婚姻日,,,,,,,,,
faq,fuyo,,,結婚をしました。妻とはまだ別居をしていますが、妻を扶養にいれたいです。,,扶養手当と共済について、扶養要件に同居があります。別居状態で扶養増申請をご希望される場合は、ご所属での対応となります。ご所属の労務主管課へご相談ください。,,結婚・別居・扶養手当・共済・同居要件・所属対応,,,,,,,,,
faq,fuyo,,,妻とは事実婚です。扶養手当と共済の扶養に入れたいと思っています。増・結婚を申請しますか,,"システムから申請ください。
届出事由：「増　事実婚」
事由日：事実婚となった日

添付書類の「戸籍謄本」は不要です。
追加書類の提出をお願いする場合があります。(申出書・事実婚である理由）",,事実婚・扶養手当・共済・届出事由・戸籍謄本不要・申出書,,,,,,,,,
faq,fuyo,,,健康保険資格喪失証明書の提出ですが、元職場より発行が難しいといわれました。自分で証明することはできまか。,,"日本年金機構のHP入り、健康保険の資格喪失証明等が必要になったときと検索し
「健康保険・厚生年金保険 資格取得・資格喪失等通知書」の発行手続きを行う。",,健康保険資格喪失証明書・発行困難・日本年金機構・資格取得喪失通知書,,,,,,,,,
faq,fuyo,,,"退職をして、専門学校に通う子供がいます。
共済の扶養にいれたいのですが、提出書類を教えてください。",,"システムの添付書類一覧の退職事由の書類と以下追加書類が必要になります。
・在学証明書(入学日以降の発行されたもの）
・入学日がわかる書類(在学証明書でわかれば不要）
・カリキュラムや時間割等の書類　(コピー）",,退職・専門学校・子ども・共済・在学証明書・カリキュラム,,,,,,,,,
faq,fuyo,,,確定申告書を提出します。電子申請をしていますが、受付印がありません。,,税務署での受付印は押印はされなくなりました。電子申請の場合は「受信通知」を提出ください。,,確定申告書・電子申請・受付印なし・受信通知,,,,,,,,,
faq,fuyo,,,"本市職員であった妻が退職したため、扶養にいれます。
資格喪失証明書は提出が必要でしょうか",,"辞令のコピーで職番がわかる場合や、扶養事実届出書で共済の番号等がわかる場合は提出がなくても、
確認をすすめることはできます。",,本市職員・退職・資格喪失証明書・辞令・扶養事実届出書,,,,,,,,,
faq,fuyo,,,妻の連れ後を扶養に入れようと思っています。扶養手当・共済・税控除すべて対象にできますか。まだ養子縁組をしていません。,,"扶養手当は養子縁組が必要です。
共済は養子縁組は要件ではありませんが、関係所管に連携して確認を進めます。
税控除は養子縁組をしていなくてもよいです。",,連れ子・養子縁組なし・扶養手当・共済・税控除・要件,,,,,,,,,
faq,fuyo,,,"現在、私が扶養している子を妻の扶養に付け替えようと思っています。妻は民間に勤めています。
たとえば、１月７日に妻側で扶養にいれるとなると、私側の事由日はどうなりますか。",,増減の事由日を合わせていただきます。減申請の事由日を「1月7日」として申請してください。,,扶養者変更・民間・事由日・減申請・付け替え,,,,,,,,,
faq,fuyo,,,"法人の役員を辞めたことにより扶養にいれる申請をします。
役員を辞めたことの証明は何を提出すればよいでしょうか",,"法人役員の解任日の記載がある、会社の登記簿や　会社自体を解散した場合は
「閉鎖事項全部証明書」等の解散日がわかる書類",,法人役員・辞任・証明書類・登記簿・閉鎖事項全部証明書,,,,,,,,,
faq,fuyo,,,離婚に伴い子供の扶養者変更の増変更をします。扶養状況申立書と扶養事実届出書の同意者欄と協議者欄に元夫の証明者必要ですか。,,"離婚に伴う扶養者変更の場合は、同意者・協議者ともに元配偶者の方の記載は不要です。
",,離婚・扶養者変更・扶養状況申立書・同意者欄・協議者欄・不要,,,,,,,,,
faq,fuyo,,,離婚に伴い扶養者変更の増申請をします。配偶者が扶養手当を受給していない証明書類の提出は必要ですか。,,元配偶者の方が扶養手当を受け取っていない証明書類の提出は必要です。,,離婚・扶養手当不受給証明・必要,,,,,,,,,
faq,fuyo,,,課税証明書が必要です。いつのものが必要でしょうか,,"取得できる直近の課税証明書でよいです。
「届出年月日」が「～R〇年6月」
　　　　　　　　・・・「前年度分（中身としては前々年分）」／「当年度分（中身としては前年分）」のどちらでも可",,課税証明書・年度・直近・届出年月日,,,,,,,,,
faq,fuyo,,,妻が公務員を退職します。退職手当とは、退職金のことですか,,"退職手当とは、退職金とは別の手当です。公務員を退職される際に、退職金の受給状況により支給される場合があるようです。詳しくは配偶者のかたの職場に確認ください。
＊手当が支給されるかたには、「退職票」か「退職手当支給資格証」が発行されるようです。
添付書類として提出いただきます。",,退職手当・退職金・相違・退職票・退職手当支給資格証,,,,,,,,,
faq,fuyo,,,妻が病気を原因で退職しました。傷病手当はまだ受給していませんが、受給する予定です。,,"扶養事実届出書に傷病手当を受給する可能性があることを記載して、日額を記載ください。
傷病手当受給決定通知書を提出ください。",,傷病手当・退職・受給予定・扶養事実届出書・支給決定通知書,,,,,,,,,
faq,fuyo,,,事業収入があります。始めたばかりで限度額を超えるような収入はないと思います。,,"原則個人事業主の方は共済扶養の対象外です。ただし、確定申告書等を確認して認められることもあります。
",,事業収入・個人事業主・共済・限度額・確定申告書,,,,,,,,,
faq,fuyo,,,"契約社員です。今回は1か月半の派遣期間です。
この給与は向こう一年の収入に含めますか",,"＜増申請の場合＞
収入に含めます

＜減申請の場合＞
収入に含めません",,契約社員・派遣・向こう一年収入・含める・含めない・増申請・減申請,,,,,,,,,
faq,fuyo,,,"結婚と同居した日に開きがあります。
配偶者を扶養にいれたいです。
事由日はいつになりますか。",,婚姻日と同居日に開きがある場合は、いずれか遅い日にちを事由日として申請ください。,,結婚・同居・事由日・婚姻日・同居日・遅い方,,,,,,,,,
faq,fuyo,,,"離婚をしています。妻を扶養にいれていました。
離婚を前提に先に別居をしていました。
妻の扶養を外しますが、いつが事由日となりますか。",,"配偶者の方の扶養減申請は、別居をもって減となりますので、別居日を事由日としてください。
別途、離婚の申請もお願いします",,離婚・別居・扶養減・事由日・別居日,,,,,,,,,
faq,fuyo,,,"65歳の妻が退職したため、扶養に入れます。雇用保険は加入していました。
「高年齢求職者給付金」を受給しますが、向こう一年の収入推計額に含めますか。",,高年齢求職者給付金は、一時収入扱いとなりますので、向こう一年(恒常的な)の収入には含めません,,65歳・高年齢求職者給付金・向こう一年収入・一時収入・含めない,,,,,,,,,
faq,fuyo,,,"退職証明書は発行されてていないです。
離職票はあります。代替書類になりますか。",,離職票や健康保険資格喪失証明書で「退職日」を確認できれば、退職証明として確認します。,,退職証明書・離職票・代替書類・健康保険資格喪失証明書,,,,,,,,,
faq,fuyo,,,"退職に伴い妻を扶養します。医師国保に入っていましたが、退職日と資格喪失日に2週間くらい開きがあります。
事由日はどうしたらよいでしょうか",,"資格喪失日を事由日として申請ください。
書類を確認し、連絡や差戻をさせていただく場合がございます。

(内部：①退職日の翌日は「1日付」だが資格喪失日は「1日付ではない」場合
　⇒扶養手当は事由発生年月日が「1日付」だと当月改定になるため、共済と申請を分ける必要あり。
「資格喪失日」に修正すると、修正後の扶養手当の適用年月日が申請内容と変わってしまうため

②退職日の翌日が「1日付」ではない場合（資格喪失日も「1日付ではない」）
　⇒扶養手当の適用年月日は翌月改定になるため、「資格喪失日」と同月内であれば「資格喪失日」を事由発生年月日としてよい。)",,医師国保・退職日・資格喪失日・事由日・2週間,,,,,,,,,
faq,fuyo,,,共済ガイドで個人事業主は扶養対象とできないと記載がありますが、扶養手当も対象外ですか,,扶養手当は個人事業主であっても、要件を満たしている場合は扶養対象とできる場合もあります。,,個人事業主・共済・扶養手当・要件・対象外,,,,,,,,,
faq,fuyo,,,(内部)減申請にて税控除減の申請があったが、限度額以下の収入が入力されていた,,"税控除の減は限度額を超えているかどうかに関わらず、減申請の意思(入力）をもって認定する。
差戻や確認連絡をすることはない。",,内部・税控除減・限度額以下・認定・差戻なし,,,,,,,,,
faq,fuyo,,,保険の満期で解約返戻金が入りました。１回限りの支給ですが、向こう一年の収入に含まれますか。,,一回だけの支給である収入は、恒常的な収入とはみなされないため、向こう一年の収入推計額には含まれません。年間収入には含まれます。控除額も確認し必要に応じて申請ください。,,保険満期・解約返戻金・一時収入・向こう一年収入・年間収入・含まない,,,,,,,,,
faq,fuyo,,,"母を扶養手当の対象者として、増申請をしようと思っています。母は無収入です。
母とは同居です。家族で住んでいるため、私の兄も同居しています。添付書類について教えて下さい。",,".住民票
・扶養状況申立書
・被扶養者収入状況申告書
・戸籍謄本(除票者も含む）
",,同居母・扶養手当・無収入・添付書類・住民票・戸籍謄本・扶養状況申立書,,,,,,,,,
faq,fuyo,,,"母を共済の対象者として、増申請をしようと思っています。
母は無収入です。
母とは同居です。家族で住んでいるため、私の兄も同居しています。添付書類について教えて下さい。",,"・住民票
・戸籍謄本
・扶養事実届出書
・対象者の課税証明書
・同居親族の課税証明書
・健康保険資格喪失証明書等
・個人情報を証明する書類",,同居母・共済・無収入・添付書類・住民票・戸籍謄本・課税証明書・健康保険資格喪失証明書,,,,,,,,,
faq,fuyo,,,シフト制で働いているため、雇用契約書通りの勤務実態ではないです。雇用契約書上では限度額を超えてしまいますが、扶養の限度額を超えないことを約束し契約しています。どのように証明すれば良いでしょうか。,,"給与支払等証明書を就業先に記載いただき提出ください。シフト制で詳しく記載ができないということでしたら、
追記事項欄に「シフト制であり、日の勤務時間や月の勤務日数を記載できないが限度額以下で働いている」というような内容を記載ください。",,シフト制・雇用契約書・限度額・給与支払等証明書・追記,,,,,,,,,
faq,fuyo,,,"雇用保険を受給していましたが、受給期間を残し受給を放棄しました。扶養に入れたいと思います。
この場合は届出事由は何を選択しますか。
",,"届出事由は「雇用保険受給終了」を選択ください。
雇用h保険受給資格者証に「不該当」の印を押していただき提出ください。",,雇用保険・受給放棄・届出事由・雇用保険受給終了・不該当印,,,,,,,,,
faq,fuyo,,,"傷病手当金を受給していましたが、受給を終了しました。
扶養にいれたいです。傷病手当の受給終了を証明する書類の提出は必要でしょうか。",,「傷病手当支給決定通知書」のコピーを提出ください。,,傷病手当金・受給終了・扶養増申請・支給決定通知書,,,,,,,,,
faq,fuyo,,,"67歳の母を扶養対象としたいです。
年金の受給をしているかどうかということで差戻をされています。
まだ年金は受給していないです。受給していない証明書とはどのようなものでしょうか。",,年金機構より「繰り下げのお知らせ」が届いているかと思います。コピーの提出をお願いします。,,年金未受給・67歳・差戻し・繰り下げのお知らせ,,,,,,,,,
faq,fuyo,,,"本市職員の配偶者が子供を扶養しています。
この度私に扶養を付け替えようと思い、申請をしています。
23歳の子供ですが、アルバイト収入がありますが限度額以下の収入です。差戻にある就学でも就労不可の状態でもありません。この場合は扶養対象として継続できないのでしょうか。",,"扶養手当は23歳3月31日をもって年齢到達により対象外です。
共済については、18歳以上の方は就労可能年齢ですので、それ以前より継続して扶養対象としていない場合は、就労ができない状況である確認が必要になります。配偶者の方の扶養対象として継続できますが、本市職員様同士でも扶養変更があった場合は、対象外となる場合があります。",,扶養付け替え・23歳・アルバイト・就労可能年齢・18歳以上・診断書,,,,,,,,,
faq,fuyo,,,"子供が2月末に退職しました。
4月からは大学院に通う予定ですので、扶養にいれます。
この場合の事由日はいつになりますか。",,事由日は「資格喪失日」と「入学日」のいずれか遅い日となります。,,退職・大学院進学・事由日・資格喪失日・入学日・遅い方,,,,,,,,,
faq,fuyo,,,"子供が海外留学をします。
扶養は継続しますが、住民票は異動していません。
別居先住所を証明する書類は何を提出すればよいでしょうか",,"「入寮証明書」や「賃貸借契約書」のコピーを提出ください。
外国語文である場合は、訳者名と作成日を記載した、訳文も提出ください。",,海外留学・別居・住民票異動なし・入寮証明書・賃貸借契約書・訳文,,,,,,,,,
faq,fuyo,,,進学により別居をしていますが、扶養対象としている子供がいます。別居先から違う別居先へと転居しました。申請は必要でしょうか。,,"別居先住所の変更(転居)の申請は不要です。

内部）IPKでは別居先住所の登録はしません。同居か別居かの登録だけです。
そのため別居先住所が変わっても登録上変化はありません。",,別居先転居・申請不要・別居状態継続・住所変更,,,,,,,,,
faq,fuyo,,,"事実婚の妻がいます。扶養対象としたいのですが、扶養手当・共済・税控除を申請できますか。
配偶者の有無は「有」でしょうか。",,"扶養手当・共済ともに住民票の続柄が「妻（未届）」もしくは「夫（未届）」となっていて要件を満たしているのであれば認定可能です。税控除は民法上の婚姻関係ではないため認定できかねます。
配偶者の有無は「無」を選択ください。",,事実婚・扶養手当・共済・税控除不可・配偶者有無・無・住民票続柄,,,,,,,,,
faq,fuyo,,,同居している父母がいます。扶養手当・共済・税控除の扶養対象としたいです。同居はしていますが住民票は別々です。世帯分離をしています。,,"実態として同居していても、住民票上別世帯ですと、扶養手当・共済はシステムでの申請で確認は出来かねます。別居扶養としてご所属の労務主管課へご相談ください。
税控除は住民票別世帯でも要件を満たしているならば確認いたします。",,世帯分離・同居父母・扶養手当・共済・所属対応・税控除,,,,,,,,,
faq,fuyo,,,"子供が生まれたため、出生の増申請をします。
配偶者は育休に入った状態で出産したため、扶養手当と税控除は扶養対象としています。提出書類を教えてください。",,配偶者の方が、扶養手当の被扶養者ということですので、住民票と扶養時事実届出書の提出をお願いします。,,出生・配偶者育休中・扶養手当・税控除対象・住民票・扶養事実届出書,,,,,,,,,
faq,fuyo,,,"就職して扶養対象外となった子供が退職しました。
今後は資格取得のため、塾に通います。扶養対象とできますか。",,"予備校等に通っておられて、在籍証明書やカリキュラム等を提出いただるのであれば確認いたします。
私塾でカリキュラム等の提出ができない場合は認定できかねる場合があります。",,就職後退職・塾・資格取得・在籍証明書・カリキュラム・私塾,,,,,,,,,
faq,fuyo,,,"離婚に伴って子供の扶養変更をします。元配偶者の扶養から私に変更したいのですが、元配偶者とは連絡がとれません。
書類の同意者欄と協議者欄は記載が必須でしょうか。",,離婚に伴う扶養者変更の場合、同意者欄、協議者欄の記載は不要です。,,離婚・扶養者変更・同意者欄・協議者欄・不要・連絡不可,,,,,,,,,
faq,fuyo,,,"義理父母を扶養手当と共済の扶養対象としたいです。
実態も住民票上も同居です",,"扶養手当は、養子縁組をしていることが要件です。
共済は、他に扶養しうる人がいない場合は認定を進めます。",,義理父母・扶養手当・養子縁組要件・共済・同居,,,,,,,,,
faq,fuyo,,,妻が産休に入ります。収入が減るので扶養手当の対象としたいです。健康保険は勤めている会社で継続します。,,"産休中から扶養対象とできる要件は、国保加入者で、無給・無手当であること。
なお、出産育児一時金は、一時金として扱われるため、収入には含めません。
国民健康保険加入ではないので、産休からの認定はできかねます。育休にはいられてから限度額を超えないようでしたら申請ください。",,産休・扶養手当・国保要件・育休から申請・140万未満,,,,,,,,,
faq,fuyo,,,子供の関係上、一時別居状態になります。,,,,子ども・一時別居,,,,,,,,,
faq,fuyo,,,,,,,,,,,,,,,,
faq,jido,,,"離婚をしたため扶養者の変更の認定請求しています。
課税証明書は必要ですか。",,"離婚をされている場合、提出は不要です。
詳しくはご所属の労務主管課へお問い合わせください。
",,離婚・扶養者変更・児童手当・課税証明書・提出不要,,,,,,,,,
faq,jido,,,"離婚調停(協議)中です。
課税証明書は必要ですか。",,"離婚調停中である場合は、課税証明書の提出は不要です。
別途、離婚調停中であることがわかる書類の提出をお願いします。
例)
*調停期日呼出し状の写し、家庭裁判所における事件係属証明書
離婚協議申し入れに係る内容証明郵便の謄本、調停不成立証明書
",,離婚調停中・課税証明書・提出不要・調停期日呼出し状,,,,,,,,,
faq,jido,,,配偶者が海外へ住民票上も転出しているのですが、課税証明書は必要ですか。,,"「海外転出届」を提出し、住民票を除票されている場合は、
申請者の課税証明書も提出不要です。
配偶者が海外転出したことが記載されている住民票(除票)の提出が必要です。",,配偶者・海外転出・住民票除票・課税証明書・提出不要,,,,,,,,,
faq,jido,,,"配偶者は1月1日は海外にいました。住民票からも削除していました。
現在は帰国して住民票上も同居となっています。
配偶者の課税証明書が取得できないのですが。",,"取得された住民票で、配偶者の方が海外から転入されている記載があれば
海外居住であったとして、確認いたします。配偶者の課税証明書は不要です。
書類を確認し、追加書類や不備等があれば差戻や連絡をさせていただきます。",,配偶者・1月1日海外居住・住民票削除・帰国・課税証明書不要,,,,,,,,,
faq,jido,,,"配偶者はいません。ひとり親にあたります。
課税証明書の提出は必要ですか。",,提出は不要です。,,ひとり親・配偶者なし・課税証明書・提出不要,,,,,,,,,
faq,jido,,,今年、転居をしています。課税証明書は今住んでいる自治体で発行すればよいですか。,,1月1日時点で住民票上の住所があった自治体で取得ください。,,転居・課税証明書・1月1日時点・自治体,,,,,,,,,
faq,jido,,,"配偶者は、自分の扶養に入れています。
配偶者の課税証明書は必要ないですよね。",,"ご自身の課税証明書の配偶者控除の欄に、控除対象配偶者となっている場合は提出不要です。
詳しくはご所属の労務主管課へお問い合わせください。

＜内部＞
配偶者控除欄の記載については自治体によって異なります。
「有無」「＊＊＊」「-」「0」「38万円」等々、異なるようです。",,配偶者扶養・課税証明書・配偶者控除・控除対象配偶者・提出不要,,,,,,,,,
faq,jido,,,住民票は個人番号入りのものを提出しますか。,,"個人番号入りでなくてよいです。
世帯全員分の記載はあり、続柄が省略されていない3カ月以内に取得された公印入りのものを提出ください。",,住民票・個人番号・不要・世帯全員・続柄・3か月以内・公印,,,,,,,,,
faq,jido,,,離婚調停をしています。添付書類一覧を確認しましたが、調停中である書類の提出ができません。,,"確認担当に申し伝えます。
追加書類等については、センターもしくは関係所管から連絡いたします。

＜内部＞
離婚等はセンシティブな内容なこともあり、センターからの連絡を控えるとのこと。",,離婚調停・添付書類・提出困難・センター連携,,,,,,,,,
faq,jido,,,課税証明書の代わりに、市民税・県民税特別徴収額通知書や源泉徴収票の提出で確認してもらえますか。,,"市民税・県民税の通知書や、源泉徴収票では確認できかねます。
課税証明書を提出ください。",,市民税通知書・源泉徴収票・課税証明書代替不可,,,,,,,,,
faq,jido,,,"妻は育休のために、税扶養の対象としています。
配偶者控除対象者なので、妻の課税証明書の提出は不要でよいですか。",,"現在、配偶者の方を税扶養対象としていらっしゃっても、課税証明は前年の所得で照会をしているため、税扶養にいれた年度により提出が必要な場合があります。
申請者の課税証明書で、控除対象配偶者として確認できた場合は提出不要です。
詳しくは、ご所属の労務主管課へご相談ください。",,育休・税扶養・配偶者控除・課税証明書・提出判断,,,,,,,,,
faq,jido,,,"横浜市在住で、課税証明書を取得したのですが、
「市民税・県民税・森林環境税課税(非課税)証明書」というものしか発行できないようです。
課税証明書という名称のものがあるのでしょうか。",,"横浜市では、課税証明書の正式名称が
「市民税・県民税・森林環境税課税(非課税)証明書」となります。

＜内部＞
課税証明書の名称は各自治体で異なるようです。",,横浜市・課税証明書・正式名称・市民税・県民税・森林環境税,,,,,,,,,
faq,jido,,,区役所で課税証明書は発行できないと言われました。4月あたりに税務署で所得の更生をしました。,,所得の更生をされたため、今現在は課税証明書は発行できないが、いずれ発行が可能ということでしたが、発行され次第提出ください。,,課税証明書発行不可・所得更生・税務署・後日提出,,,,,,,,,
faq,jido,,,区役所で課税証明書を取得しようとしましたが、取得したい年度の課税証明書は発行できないと言われました。引っ越し等はしていないです。,,取得対象年度の1月1日時点で、その自治体にお住まいであるが発行ができないということでしたら、発行できないことをご所属の労務主管課へご相談ください。,,課税証明書発行不可・取得年度・自治体・労務主管課,,,,,,,,,
faq,jido,,,課税証明書の所得の内訳は必要ですか。,,所得の内訳は必要です。所得の内訳が表示された課税証明書を提出ください。,,課税証明書・所得内訳・必要,,,,,,,,,
faq,jido,,,"大学生の子がいます。申請が必要であったと思うのですが、失念していました。
額改定で申告していますが、届出事由は制度改正でしょうか、大学生年代の増でしょうか。",,1月以降4月までを想定　ロンさんに確認予定,,大学生・額改定・届出事由・制度改正・大学生年代の増,,,,,,,,,
faq,jukyo,,,"借家借間で住居手当を受給しています。 
40歳になった場合、住居手当が支給対象外となるのは誕生日まででしょうか。 
年度内は受給できるのでしょうか。 
",,0,,住居手当・40歳・支給対象外・誕生日・年度,,,,,,,,,
faq,jukyo,,,現在妻が勤務先（民間）で住居手当を受給していますが、自分からも住居手当を受給することはできるのでしょうか。 ,,"配偶者が民間で勤務されている場合、その方の受給状況は関係ありません。以下の支給要件のいずれかを満たしていること場合に支給されます。 
・申請者が賃貸借契約者の名義人
・契約者が申請者の扶養手当の扶養親族である
・契約者ではないが実質的に家賃を全額支払っている",,住居手当・配偶者民間・二重受給・支給要件・名義人・実質家賃,,,,,,,,,
faq,jukyo,,,賃貸契約の名義人は妻ですが、家賃は自分が全額負担し妻に渡しています。住居手当を受給することはできるのでしょうか。 ,,"申請者が貸主に対して、実際に家賃を全額直接負担していることが証明できる場合、「実質的に家賃を全額支払っている」として支給対象となります。

証明書類として、以下のいずれかの書類を連続した3か月分提出してください。
(1)職員の口座から家賃を全額引き落としされている場合：
　・口座振替依頼書の写し
　・引落口座の写し：
　　-金融機関、口座番号、口座名義人が記載されているページ
　　-家賃が全額引き落とされていることが確認できるページ（連続3か月分）
(2)職員が振込により支払いしている場合：
　　・振込書等の写し（連続3か月分）
(3)職員が現金で支払いしている場合:
　　・職員名の領収書の写し
　　　（連続3か月分、受取人の氏名が記載されているもの）
(4)職員のクレジットカードで支払いしている場合：
　　・家賃をクレジットカード払いで申し込んだことがわかる書類
　　・クレジットカードの引落口座が申請者本人名義であることがわかる書類
　　・家賃がクレジットカードで支払われていることがわかる書類（連続3か月分）
※ インターネットバンキングの場合は、上記が確認できるWEBページを印刷して提出
※ 事由が発生した時点で速やかに庶務事務システムにて届出を行って下さい。後日、3か月分の書類がそろい次第、センターへ送付してください。(※後日提出する場は、送付票にその旨メモをして下さい。)申請日及び書類の内容に応じて認定されます。",,住居手当・名義人妻・家賃全額負担・実質的・支払証明・3か月分,,,,,,,,,
faq,jukyo,,,"転居前も住居手当を受給しています。
転居後も「借家・借間/実質的に家賃を全額負担している」として申請をしていますが、申請したことよりに支給は一度止まらないのでしょうか。",,"支給の内訳や詳細についてはセンターではご案内ができかねます。
恐れ入りますが、ご所属の労務主管課へお問合せください。

＜参考＞
転居後の申請が完了し人給へデータ転送されるまでは転居前の状況で支給され続けます。ただし、転居後の適用月に非支給期間が発生した場合は戻入が発生することもあり得ます。",,転居・住居手当・実質家賃・支給停止・問い合わせ先,,,,,,,,,
faq,jukyo,,,"結婚しました。住居届の申請は必要ですか？
転居してないし、まだ同居していません。",,"婚姻した事実があるので申請が必要になります。
届出事由：配偶者・同居親族等の変更/結婚
「１ 届出年月日及び内容」の入力および
「２．家族情報」欄に、配偶者の氏名を入力し、同居の有無の「無」にチェックをし申請ください。 （同居している場合は「有」にチェック）
配偶者・同居親族等の変更のみの申請であれば添付書類は不要です。",,結婚・住居届・申請必要・転居なし・配偶者同居なし・家族情報,,,,,,,,,
faq,jukyo,,,"住居表示が〇から変更になります。
入力画面にて郵便番号を入力しても住所が出てきません。事前にシステムから申請できないのでしょうか。",,"住居表示の申請は、該当住所がシステムに反映された後でないと申請できません。状況をご確認いただきシステムで反映されましたら申請をください。
システムに反映されるまでおよそ1か月から2カ月程度、時間がかかることがございます。",,住居表示変更・郵便番号・システム反映・申請タイミング,,,,,,,,,
faq,jukyo,,,"マンション名が変更になりましたが、契約書は変更されません。
申請は必要になりますか。
管理会社からの通知はあります。 ",,"事由日：マンション名変更日 
届出事由：その他/マンション名の変更
不動産業者(管理会社)などからマンション名の変更についての通知をお送りください。

※マンション名変更通知を破棄していたり、発行自体されなかった場合は申出書を作成してください。

申出書（フリー形式）
・マンション名変更通知を提出できない理由
・マンション名変更日
・変更後の住所およびマンション名
・職員押印",,マンション名変更・申請必要・届出事由・通知書・申出書,,,,,,,,,
faq,jukyo,,,新築の家を購入しローンの関係で引き渡し前ですが、住民票を異動しています。実際にはまだ引越しをしていませんが申請は必要ですか。,,"住民票を異動した場合は、まだ引越ししていなくても、住居届の申請が必要です。
添付書類として住民票（申請者記載、公印、３ヶ月以内発行）（コピー可）をご用意いただき、送付票とあわせて、労務主管課を経由で総務事務センターへお送りください。

※通勤届は実際に引っ越ししてからの申請になります。 ",,新築購入・引渡し前・住民票異動・申請必要,,,,,,,,,
faq,jukyo,,,現在、持家に住んでいます。リフォームのため一時的にアパートを借りて転居しました。住民票は異動していませんが、この場合申請が必要になりますか。,,"住民票を異動していないので、住居届の申請は必要ありません。

※実際に転居をしているので、通勤届（転居/住民票の住所と実際の居住地が異なる）の申請は必要になります。",,リフォーム・一時転居・住民票異動なし・通勤届必要,,,,,,,,,
faq,jukyo,,,"現在、住居手当は支給されていません。
同一町内に引っ越しました。住居手当の変更もありません。
届出は必要でしょうか。 ",,住民票を異動したのであれば、手当額有無にかかわらず、必ず住居届の申請が必要となります。,,同一町内・引越し・住居手当変更なし・申請必要,,,,,,,,,
faq,jukyo,,,"転居しました。 
現在は妻が契約者で家賃も妻が支払っていますが、5月末に契約が切れるので、更新のタイミングで自分が契約者になります。 
申請はどのように行ったらよいですか。 ",,"①転居時点では「転居」の申請が必要になります。
届出事由：転居
事由発生年月日：住民票の転居日
居住形態：借家借間/その他（上記以外）
添付書類：住民票（申請者記載、３か月以内発行、公印）

②契約者が申請者(職員本人)へ変更した後に、「支給区分の変更」の申請をしてください。
届出事由：その他/支給区分の変更
事由発生年月日：名義人変更の日、更新の日など
　　　　　　　　　　　（契約書にて名義人変更になったことがわかる日）
居住形態：借家・借間/申請者が賃貸人契約者（名義人）である
添付書類：賃貸借契約書のコピー
　　　　　　　（賃貸借人双方の署名または押印、住所、家賃、契約期間）
　　　　　　　※この時は転居していないので住民票の提出は必要ありません。

添付書類は送付票と合わせて労務主管課経由で総務事務センターへお送りください。",,転居・妻契約者・契約更新後に名義変更・申請方法・支給区分変更,,,,,,,,,
faq,jukyo,,,"本市職員同士の夫婦です。
現在配偶者が賃貸借契約者ですが、育休に入るため、扶養手当の申請をしようとしています。
あわせて、居住形態「契約者が扶養親族（扶養手当）」の区分で住居届を申請できますか。
添付書類として家賃の支払い証明は必要ですか。 ",,"配偶者が育休に入ったことを事由に扶養手当の申請をするのであれば、同時に住居届も申請いただけます。
ただし、扶養手当の申請が認められなかった場合は、住居届も認定されないことをご了承のうえ申請ください。
「契約者が扶養親族（扶養手当）である」の区分で申請する場合は、支払証明の添付書類は必要ありません。 また転居を伴わないため、住民票の提出は必要ありません。
提出いただく添付書類は、賃貸借契約書のコピー（賃貸借人双方の署名または押印、住所、家賃、契約期間）です。
添付書類は送付票と合わせて労務主管課経由で総務事務センターへお送りください。",,本市職員夫婦・育休・扶養手当・住居届・家賃支払証明不要,,,,,,,,,
faq,jukyo,,,"今まで本市職員の妻が手当を受給していましたが、産休・育休に入るため、自分が「実質的に家賃を支払っている」区分で申請します。 
妻側からも何か申請が必要ですか。 ",,"配偶者様側からも手当の支給終了の申請が必要になります。

＜配偶者様側＞
事由発生年月日：相手側と同日の事由日 
届出事由：「その他/支給区分の変更」
居住形態：「借家・借間/その他上記以外」 
添付書類：不要

＜申請者様側＞
事由発生年月日：配偶者様側と同日の事由日
届出事由：「その他/支給区分の変更」
居住形態 ：借家・借間/実施的に家賃を(全額)負担している
添付書類：賃貸借契約書、連続3ヶ月分の家賃の支払証明書類、申出書(*)

＊横浜市職員同士で受給者変更をする場合は、相手側職員の同意を確認する必要があるため「申出書」の提出が必要になります。",,配偶者・産休育休・住居手当・支給区分変更・両者申請,,,,,,,,,
faq,jukyo,,,"元々同居しているので、同居人とし住居届を申請していましたが、結婚したことにより改めて申請は必要でしょうか。 
転居しておらず、世帯主変更など何もない場合は住民票は不要ですか。 ",,"婚姻により、同居人が配偶者に変わった場合は、住居届の申請が必要になります。
届出事由：配偶者同居親族等の変更/結婚として申請ください。 
転居をしていないので住民票の提出は不要です。",,同居人→配偶者・婚姻・住居届申請・転居なし・住民票不要,,,,,,,,,
faq,jukyo,,,"賃貸の契約更新になった場合、住居届の申請は必要ですか。
契約期間の更新だけで契約者の変更も何もしていません。 ",,"契約期間更新による住居届の申請は不要です。 
更新後の契約書の提出も不要です。",,賃貸更新・住居届申請不要・契約期間更新のみ,,,,,,,,,
faq,jukyo,,,"子どもが産まれました。
住居届で申請は必要ですか？",,"お子様が生まれた場合、住居届を申請してください。
事由発生年月日：出生日
届出事由：配偶者・同居親族等の変更/出生 
添付書類の提出は必要ありません。

※出生時の配偶者・同居親族の変更の申請について
通常は扶養親族異動届、児童手当のみの申請でよい運用とされておりますが、今回のように「住居届も必要ですか。」の質問には、「申請をお願いする」ご案内となりますので注意ください。",,出生・住居届・申請必要・添付書類不要,,,,,,,,,
faq,jukyo,,,"居住形態は名義人ではないが実質的に全額家賃を負担している。として転居の申請をしています。
実際には支給要件にあてはまらないので申請を取り下げたい。",,"住民票を移動して転居をしている場合は、住居届「転居」の申請は必要になります。
本申請の住居形態を「その他/上記以外」に修正していただく必要があります。
・ステータスが「確認まち」、「差戻し」であれば職員から修正可能です。
・ステータスが「確認中」の場合、お日にちをいただきますが、差戻ししますので、修正し再度「申請」ボタンを押下ください。

※認定メモに入力し、SV捕以上に連携ください。
※受領している添付書類については、申請に不要となる賃貸借契約書と支払に関する書類は職員ご本人様に返却します。",,居住形態誤り・取り下げ・住居種別変更・ステータス,,,,,,,,,
faq,jukyo,,,同居の家族が引越ししました。住居届の申請は必要ですか？,,"同居親族の情報に変更がある場合は、「配偶者・同居親族の変更」の申請が必要になります。 
添付書類の提出は必要ありません。",,同居家族引越し・配偶者同居親族の変更・申請必要,,,,,,,,,
faq,jukyo,,,"産休中の職員が引越しをしました。
本人から住居届の申請を行うことができません。
どのように手続きを行えばよいですか。 ",,"休職中の職員の原則労務主管課での紙申請となりますが、職員本人のご了承のうえ庶務事務システムから代行申請をすることは可能です。 
どちらで申請されるかはご所属の判断となります。 ",,産休中・住居届・代行申請・労務主管課・紙申請,,,,,,,,,
faq,jukyo,,,"現在、住居手当は契約者ではないが実質的に家賃を全額支払っている区分で受給しています。 
家賃を支払わなくなった場合は、どのように申請したらよいですか。 ",,"事由日：家賃を支払わなくなった日の翌月の初日
届出事由：その他/支給区分の変更 
居住形態：借家・借間/その他上記以外 

他の必要箇所を入力して申請してください。 
添付書類は不要です。",,実質家賃・支払停止・支給区分変更・事由日・翌月初日,,,,,,,,,
faq,jukyo,,,"結婚と転居を同時におこないました。
申請は転居と配偶者・同居親族の変更と2つの申請が必要になりますか。",,"申請は分けなくてよいです。
届出事由を「転居」として申請ください。",,結婚・転居同時・1申請・届出事由・転居,,,,,,,,,
faq,jukyo,,,"本市職員（同性）とルームシェアします。 
同居人が賃貸借契約書の契約者になります。
自分は契約者ではありませんが、住居手当の支給対象になりますか。 ",,"同性の本市職員と同居ですが、入電者は契約者ではないため、両者ともに受給できる支給要件を満たしておりません。

届出事由：転居 
居住形態：借家・借間/その他上記以外の申請となります。

※入電者が「実質的に家賃を全額負担している場合」は支給要件をみたします。
ただし、同居人の名義人である職員は家賃を負担していないことが明らかであるため　支給の要件から外れます(非支給となります)。本市職員同士で、どちらも住居手当を受給することはできません。",,同性・ルームシェア・住居手当支給対象外・実質家賃,,,,,,,,,
faq,jukyo,,,職員が転居をしていますが、ＤＶの関係で住民票を異動していません。 転居の添付書類として住民票以外にどのような書類の提出が必要になりますか。 ,,"住居届は住民票住所を登録していただくものです。
住民票を移さずに転居されたのであれば住居届の申請は必要ありません。",,DV・住民票異動なし・転居・申請不要,,,,,,,,,
faq,jukyo,,,"母が所有している住居に転居を検討しています。 
親からの借受は原則認められないとのことですが、例外はあるのでしょうか。 
書類を出しても認められないことがあるのですか。 ",,"親族からの借受は原則認められません。 
要件を満たしている場合に特別に認められることもあります。
・貸主が申請者および配偶者の扶養親族ではないこと。 
・貸主と申請者が同居していないこと。
・第3者に貸せるような建物である
など、他にも確認事項があります。 

添付書類として
・貸主、借主（申請者）双方の住民票 ※どちらかは世帯全員、続柄記載、3ケ月以内、公印
・賃貸借契約書 
・借主（申請者）が居住している登記事項証明書 (登記簿謄本、抄本)
・家賃の支払証明書類（連続３ヶ月分） 

お問合せの段階では認定可否についてはご案内できません。 
確認の結果で認められない場合もあることはご了承ください。",,親所有・親族借受・原則不可・例外・要件,,,,,,,,,
faq,jukyo,,,"住居届を申請し現在手当を受給しています。 
契約者は私でしたが諸事情により名義人を妻に変更しましたが、家賃は私が以前から全額負担しています。 
申請は必要になりますか。 
住民票の世帯主は変わっていません。妻は民間に勤めています。 ",,"名義人から実質家賃への支給区分変更の申請ができます。
届出事由：その他/支給区分の変更 
居住形態：借家・借間（実質的に家賃を全額負担している）
添付書類 ：賃貸借契約書 （名義人変更後の）
　　　　　　　  連続３か月分の家賃支払証明（名義人が変更になってからの）
 
下記のいずれかの書類が必要となります。 転居していない場合は住民票の提出は不要です。
(1)職員の口座から家賃を全額引き落としされている場合：
　・口座振替依頼書の写し
　・引落口座の写し：
　　-金融機関、口座番号、口座名義人が記載されているページ
　　-家賃が全額引き落とされていることが確認できるページ（連続3か月分）
(2)職員が振込により支払いしている場合：
　　・振込書等の写し（連続3か月分）
(3)職員が現金で支払いしている場合:
　　・職員名の領収書の写し
　　　（連続3か月分、受取人の氏名が記載されているもの）
(4)職員のクレジットカードで支払いしている場合：
　　・家賃をクレジットカード払いで申し込んだことがわかる書類
　　・クレジットカードの引落口座が申請者本人名義であることがわかる書類
　　・家賃がクレジットカードで支払われていることがわかる書類（連続3か月分）
※ インターネットバンキングの場合は、上記が確認できるWEBページを印刷して提出
※ 事由が発生した時点で速やかに庶務事務システムにて届出を行って下さい。後日、3か月分の書類がそろい次第、センターへ送付してください。(※後日提出する場は、送付票にその旨メモをして下さい。)申請日及び書類の内容に応じて認定されます。",,名義変更・支給区分変更・実質家賃・3か月分・賃貸借契約書,,,,,,,,,
faq,jukyo,,,"転居はしていません。
住民票の世帯主を父から自分に変更しました。
申請は必要ですか。
",,"世帯主の変更の申請が必要です。

事由発生年月日：住民票の世帯主を変更した日
届出事由：その他/住居種別(世帯主)の変更

添付書類はありません。",,世帯主変更・申請必要・届出事由・添付書類なし,,,,,,,,,
faq,jukyo,,,"電話番号のみ変更になりました。
申請は必要ですか。",,"電話番号のみ変更の申請は必要ありません

※電話番号の入力は必須入力ではありません",,電話番号変更・申請不要,,,,,,,,,
faq,jukyo,,,"住所の変更はありませんが、郵便番号のみ変わりました。
申請は必要になりますか。",,"住居届の申請が必要です。
新しい郵便番号がシステムに反映されるまでお時間があかります。
新しい郵便番号が反映されてから申請ください。

事由発生年月日：郵便番号が変更になった日
届出事由：その他/郵便番号の変更

添付書類はありません。",,郵便番号変更・申請必要・システム反映後,,,,,,,,,
faq,jukyo,,,"同棲の時は世帯分離をしていましたが、婚姻をしたので同一世帯にかわります。転居はしていません。
自分は世帯主に変わりはありませんが、申請は必要になりますか。",,"世帯分離から同一世帯に変更された場合、住民票の世帯主として変更がなければ申請は必要ありません。
今回は婚姻の事実があるので、配偶者・同居親族の変更の申請が必要になります。

届出年月日：婚姻日
届出事由：配偶者同居親族の変更/結婚",,同棲→婚姻・世帯分離→同一世帯・婚姻の申請必要,,,,,,,,,
faq,jukyo,,,住所の番地が5桁ですが、4桁までしか入力できません。 ,,"番地入力欄は４桁までの入力になります。
番地入力欄は必須入力になるので「0」と入力し、枝番入力欄は空欄としてください。
方書欄に住民票通りの住所を全角文字で入力してください。",,住所番地5桁・入力制限4桁・方書・入力方法,,,,,,,,,
faq,jukyo,,,"賃貸借契約書に所有者が記載されていません。 
入力はどのようにしたらよいですか。 ",,貸主と同じ情報を入力してください。 ,,賃貸借契約書・所有者記載なし・貸主同一,,,,,,,,,
faq,jukyo,,,"庶務担当です。
職員が転居の住居届を申請をしました。
住民票と確認すると住民票にはマンション名は記載されていません。
入力画面にはマンション名まで入力されています。
このままでもよいですか。",,"住所欄は住民票記載通りに入力ください。
職員から修正できなければ、そのままでかまいません。
センターにて住民票を確認し修正させていただきます。",,住民票・マンション名記載なし・住所入力・センター修正,,,,,,,,,
faq,jukyo,,,住居届の住所欄ですが、建物名の正式名称が長すぎて入力できません。省略してもよいですか。,,"建物名の入力(方書)欄は全角20文字までです。
建物名は省略いただけますが、部屋番号は必ず入力ください。",,建物名・方書・20文字・省略・部屋番号,,,,,,,,,
faq,jukyo,,,"電話番号の入力は必要になりますか。
また、電話番号の変更の申請は必要ですか。",,"電話番号の入力は任意です。
電話番号のみの変更は申請不要です。",,電話番号・任意入力・変更申請不要,,,,,,,,,
faq,jukyo,,,2世帯住宅に引っ越しするのですが同居親族欄は全員入力が必要ですか。 ,,"同居している全員をご入力ください。 

※同居親族は、世帯分離していても入力は必要です。
※2020年7月より住民票は世帯全員記載のなくても提出可のため、職員から入力を省略されても確認するすべはありません。「ご入力ください」のお願いでの案内でよいです。
ただし、同居親族に横浜市職員がいる場合は必ず入力が必要になります。",,2世帯住宅・同居親族欄・全員入力・世帯分離,,,,,,,,,
faq,jukyo,,,"家族情報を入力していますが、入力欄が４行しかありません。
４人以上いる場合はどのように入力できるのでしょうか。",,"家族情報欄は一度に入力できる人数は４人までとなります。
入力できない同居親族については、更に同一の届出事由の住居届を申請し入力ください。",,家族情報・4行制限・4人以上・複数申請,,,,,,,,,
faq,jukyo,,,"住居の購入に伴い、自分だけ住民票を移しました。 
配偶者欄と同居の親族欄の入力はどうしたらよいですか。 
住民票のみ移しただけで元の住所で同居しています。 ",,"住民票の記載通りに入力してください。
配偶者欄の配偶者の有無は有にチェック。
配偶者様の情報を入力して、同居の有無は「無」として入力ください。 
同居親族欄は入力不要です。 ",,住民票のみ異動・配偶者欄・同居なし・入力方法,,,,,,,,,
faq,jukyo,,,最後の申請ボタンを押すと何度やっても『エラー：配偶者のカナ氏名は全角で・・・』と表示され申請できません。,,半角のスペースか何か入っている可能性があるので、配偶者カナの入力欄を一度全部削除してから入力しなおしてみてください。 ,,エラー・配偶者カナ氏名・全角・半角スペース・再入力,,,,,,,,,
faq,jukyo,,,"家族情報欄に入力が必要と差戻しになりました。 
間もなく氏名が変わる予定ですがどのように入力したらよいですか。 ",,事由発生年月日時点の住民票表記どおりに入力してください。,,差戻し・家族情報欄・氏名変更前・住民票表記,,,,,,,,,
faq,jukyo,,,"UR賃貸です。 
賃貸借契約書に契約期間が書いてありません。 ",,"賃貸借契約書中面の第3条に契約期間ついて記載されています。
ご確認ください。
※「入居開始可能日から起算して1年とする」が記載されています。",,UR賃貸・契約期間記載なし・第3条,,,,,,,,,
faq,jukyo,,,「貸主」が「●●不動産」の場合、続柄は「その他」を選択すればよいですか。 ,,はい。続柄は「その他」を選択してください。,,貸主・不動産会社・続柄・その他,,,,,,,,,
faq,jukyo,,,所有者が会社となっていますが、個人名ではなくてもよいのでしょうか。 ,,契約書に所有者の記載があれば、個人名ではなくてもよいので契約書どおりに入力してください。,,所有者・会社名・個人名不要・契約書通り,,,,,,,,,
faq,jukyo,,,"同居人が増えたので「配偶者・同居親族の変更」の申請をします。 
居住情報(所有者、貸主、借主、契約期間、家賃）の入力も必要になりますか。 ",,"居住形態が「借家・借間」の場合で支給対象の要件を選択している場合は入力が必要です。
非支給の要件（再任用職員、その他/上記以外）であれば入力は求められません。",,同居人追加・配偶者同居親族の変更・居住情報入力・支給区分,,,,,,,,,
faq,jukyo,,,申請ボタンを押すと｢住所」の番地及び方書等は特殊文字（&<>~'）は入力禁止です。」とエラーになってしまう。 ,,"ローマ数字や外字などの特殊文字を入力されていませんか。
ローマ数字部分は数字にて入力して下さい。外字は他の字で入力して下さい。",,エラー・特殊文字・番地・方書・ローマ数字,,,,,,,,,
faq,jukyo,,,"住居表示が変更になり入力をしています。
郵便番号を入力していますが新住所が表示されません。
自治体からは郵便番号の変更はないと通知されています。",,"郵便番号検索にて表示されない場合、カナ入力にて検索ください。
カナ入力にて検索された郵便番号とご認識の郵便番号を確認いただく。

※住居表示変更後の住所が正しく検索できるが、検索された郵便番号と自治体からの通知の郵便番号と異なる場合は、SV補以上に報告しＳＶからシステム担当者へ確認を行います。",,住居表示変更・郵便番号検索・カナ入力・郵便番号不一致,,,,,,,,,
faq,jukyo,,,家賃の欄は共益費を除くとなっていますが、管理費も除いた家賃を入力するればよいですか。 ,,"管理費も除いた家賃のみの金額を入力してください。

賃貸借契約書には合計金額が記載で、支払金額内訳書が別途ある場合は、支払い内訳書もご提出ください。

内訳書等の書類がない場合、自由書式でよいので「申出書（所属・職番・氏名・押印あり）」を作成いただき、「内訳」を記入のうえ提出してください。 
",,家賃・共益費・管理費・除く・金額入力・内訳書,,,,,,,,,
faq,jukyo,,,"賃貸借契約書に「家賃」と「割引家賃」と二つ記載されています。
どちらを入力すればよいですか。",,"「家賃」の金額を入力してください。

※UR(都市機構)賃貸住宅では、割引キャンペーンがあるようです。",,家賃・割引家賃・UR・入力金額・家賃のみ,,,,,,,,,
faq,jukyo,,,契約期間が自動更新のため、古い契約期間の賃貸借契約書しか用意できません。また契約期間は更新後の期間を入力すればよいですか。,,"契約期間は当初の契約開始日～直近更新後の契約終了日を入力ください。
この期間中に事由発生年月日が含まれていることが必要です。",,自動更新・契約書・契約期間入力・最新更新日,,,,,,,,,
faq,jukyo,,,"契約期間が自動更新になります。
そのため提出する賃貸借契約書の契約期間が契約当時に古い日付になります。
このまま提出してもよいですか。",,"賃貸借契約書に「自動更新」が記載されているページのコピーも添付書類としてお送りください。

※UR賃貸住宅の場合、第3条２に「～同一条件で1年間更新される～」の記載
※自動更新でることが分かる別紙資料可
※賃貸借契約書に記載がない、別紙資料もない場合は、申出書(フリー形式)を記載いただく。
自由書式でよいので「申出書（所属・職番・氏名・押印あり）」を作成いただき、「自動更新である」ことを記入のうえ提出してください。",,自動更新・賃貸借契約書・古い日付・自動更新記載ページ,,,,,,,,,
faq,jukyo,,,"借家借間に転居し住民票も移動しました。 
賃貸借契約書の発行に時間がかかりそうです。 
手元には重要事項説明書があります。申請できますか。 ",,"重要事項説明書は添付書類として認められません。
賃貸借契約書が用意でき次第、送付票と合わせてセンターへお送りください。

システムからの申請は事由発生年月日から15日以内の申請をお願いしています。
重要事項説明書を基に入力内容を確認できるのであれば、先に入力していただくこことは可能です。",,転居・賃貸借契約書発行遅れ・重要事項説明書不可・申請期限,,,,,,,,,
faq,jukyo,,,"賃貸借契約書の「賃主欄」に押印がないと差戻しになっています。 
印字の契約書ですが押印が必要になるのでしょうか。 ",,"賃借に双方の署名または押印が必要になります。 
賃貸借契約書が印字のみである場合、契約書の賃貸人欄に署名または押印をしていただけるように賃借人(不動産会社)へご相談ください。

※賃貸借契約書の新たに作成するまでは求めていません。今ある賃貸借契約書の「賃貸人」欄に署名または押印いただくようにご案内ください。",,賃貸借契約書・押印なし・賃貸人欄・署名押印必要,,,,,,,,,
faq,jukyo,,,5月に申請した住居届で使用した住民票を別件の申請で再利用したいが返却されますか。,,"認定完了後に労務主管課へ返却されます。
また、別件とのことですが発行から3か月以内で該当すれば再利用していただけます。 

※ご提出いただいた住民票に個人番号が記載されていた場合、労務課へ提出いたします。
職員へ返却されるのは個人番号を塗りつぶしたコピーになります。",,住民票・返却・3か月以内・再利用・個人番号塗り消し,,,,,,,,,
faq,jukyo,,,"現在同居人がいますが住民票は世帯分離しています。 
住民票は同居人の分も提出するのでしょうか。 ",,世帯分離している同居人の住民票は不要です。,,世帯分離・同居人・住民票不要,,,,,,,,,
faq,jukyo,,,賃貸借契約書を提出するようにとのことですが、契約書が冊子になっていて10ページほどありますが、全てコピーを取って提出すればよいのでしょうか。 ,,"・物件の住所 
・家賃 
・契約期間 
・賃貸借人双方の署名、押印 
以上が確認できるページのコピーをご提出ください。",,賃貸借契約書・冊子・提出ページ・住所・家賃・契約期間・署名押印,,,,,,,,,
faq,jukyo,,,"横浜市の要員宿舎の転居し住居届の申請をしました。
添付書類として契約書も提出すればよいでしょうか。 ",,"居住形態が「横浜市の要員宿舎」となりますので、ご提出いただく書類は住民票（申請者記載、３か月以内発行、公印）のみとなります。 
契約書の提出は必要ありません。",,要員宿舎・添付書類・住民票のみ・契約書不要,,,,,,,,,
faq,jukyo,,,"住居表示の変更の申請をしていませんでした。 
これから申請をしますが、自治体から発行された書類を破棄してしまいました。代わりになる書類はありますか。",,"住居表示変更の通知を区役所に再発行できるか確認をお願いします。

※横浜市は無料で再発行ができます。他の市区町村は分かりません。直接問合せいただく。
再発行されない場合は、住居表示の記載がある住民票のご提出をお願いします。（申請者記載、３か月以内発行、公印）",,住居表示変更・通知破棄・再発行・住民票,,,,,,,,,
faq,jukyo,,,引っ越しをして、その時には自分が賃貸借契約名義人ではなかったので非支給での申請をしたのですが、今回連続３か月分の家賃を負担したので申請をしました。 住民票も必要になりますか。,,"転居をしていない場合は、住民票は不要です。 
ご提出いただく添付書類は、
・賃貸借契約書
・実質的に連続3ケ月の家賃を負担していることのわかる支払証明書類になります。 ",,実質家賃・転居なし・住民票不要・支払証明3か月分,,,,,,,,,
faq,jukyo,,,"重要事項説明書を提出したところ、賃貸借契約書が必要と差戻しになりました。 
不動産会社に確認しましたが、契約書はなく重要事項説明書と明細のようなものがあるといわれています。 ",,"借家借間の添付書類は重要事項説明書では認められません。 
例えば、重要事項説明書に契約書と説明書を兼ねていることなど、記載されている場合は認められる場合もあります。 ",,重要事項説明書・賃貸借契約書不要・差戻し・例外,,,,,,,,,
faq,jukyo,,,居住形態が「実質的に家賃(全額)を負担している」として申請し、連続する３カ月分の支払い証明の提出が必要になりますが、そのほかの添付書類はいつ提出すればよいですか。,,"届出事由が「転居」の場合は、支払証明以外の書類を先に送ってください。 
支払証明は連続３カ月分揃い次第送ってください。

※転居により通勤届を申請している場合、住民票が提出されないと申請がその間滞ってしまいます。そのため、住民票だけでも先に提出いただくようにご案内ください。
その際、送付票の余白に「支払証明書は後から提出します」と補記ください。
",,実質家賃・3か月分・他書類先行提出・支払証明後提出,,,,,,,,,
faq,jukyo,,,"結婚をしたので住居届を申請をしたが添付書類は何か必要ですか？ 
転居はしていません。",,"配偶者・同居親族の変更の届出については、住民票は必要ありません、
システムのみの入力になります。",,結婚・住居届・添付書類不要・転居なし・家族情報のみ,,,,,,,,,
faq,jukyo,,,"家賃を全額負担することになったので申請します。
今月から支払始めましたが、支払証明は3ヶ月分必要だと聞きました。
3か月分支払終ってから申請するのでしょうか",,"事由発生日から15日以内に申請が必要となりますので、先に申請していただけます。
賃貸借契約開始日、最初に支払った月の1日のいづれか遅い日が事由発生年月日になります。
添付書類としては賃貸借契約書のコピー、連続3か月分の支払い証明が必要です。
支払い証明の送付に限っては、連続3か月分が揃ってからお送りいただければ結構です。",,実質家賃・申請期限・15日以内・支払証明3か月分・事由発生年月日,,,,,,,,,
faq,jukyo,,,"賃貸借契約の賃貸人欄の押印がされていないため差戻しになりました。
賃貸人欄に会社名と代表者氏名が印字されている場合どちら印の押印が必要になりますか。",,"住居届の賃貸人欄に入力された内容の基づいて押印ください。
会社名の場合は社判。個人名の場合は個人印を押印ください。

※賃貸借契約書では貸主が会社名のみで印が個人印であった場合、関係性が不明のため差戻しになることもあります。",,賃貸人欄・押印・差戻し・会社名→社判・個人名→個人印,,,,,,,,,
faq,jukyo,,,"口座振替書の写しの提出が必要になると差戻しになりました。 
家賃の引落としは委託業者から引き落としをしています。
不動産会社と委託業者それぞれに確認をしましたが、口座振替依頼書は作成していませんとのことです。
ほかに提出できる書類はありますか。",,"委託業者から毎月引き落とされているということであれば、委託業者と取り交わした利用申込書、または家賃集金サービス申込書・契約書のようなものがあると思いますので、申込書等のコピーの提出をお願いしたいと思います。 
また、委託業者を通して家賃の引き落としをしているという文言が契約書に記載されていれば、その部分の写しの提出もお願いします。",,口座振替・委託業者・引き落とし・申込書・利用申込書,,,,,,,,,
faq,jukyo,,,カード会社から家賃を引落されていますが、利用明細書の提出でもよいですか。,,"「利用明細書」にて
・金融機関
・支店コード
・口座番号
・口座名義人
・家賃が引落しされている行（連続3か月分）
が確認できればご提出ください。

支払口座番号が「＊」で隠され確認できない、上記内容が一つでも確認できない場合は、
・支払い口座の金融機関・支店コード・口座番号・口座名義人が確認できるもの
　（通帳表面コピー等）
・家賃が引き落とされていることがわかる通帳の写し（連続3ヶ月分）
を提出してください

また、クレジットカード会社と契約された際の「家賃立替払委託契約書（コピー）」を提出してください。 （※「クレジットカードを契約された際の家賃立替払委託契約書（コピー）」が口座振替依頼書を兼ねていた場合は口座振替依頼書不要） ",,カード会社・利用明細書・支払証明・口座番号・3か月分,,,,,,,,,
faq,jukyo,,,住民票はいつから3ケ月以内ですか。,,住民票の発行年月日が届出年月日(申請日)より3ヵ月以内の住民票が必要となる。,,住民票・3か月以内・届出年月日・申請日,,,,,,,,,
faq,jukyo,,,"転居の申請をしたところ、前住所に転居していた申請をしていなかったために申請するように連絡がありました。
添付書類として前住所に転居したことがわかる住民票を提出するようにとのことですが、今から取得できるのでしょうか。",,"住民票の記載内容についてはセンターでご案内ができかねます。
ただ、前住所の住民票の除票をご取得されると記載されていると伺っています。
詳しくは市区町村の窓口でご確認ください。

※住民票の除票とは、住民票内の全ての方が転出した場合、引越し先も記載されるので、住民票の除票を取得することにより、転出先が分かることになります。
そのため、複数回引越ししたことを証明する場合、当該市に住所があった証明（過去に住んでいたという証明）に、住民票の除票はよく使われることになります。

除票は、法令が改正され令和元年6月20日より5年間から150年間保管することになりました。
横浜市では、平成25年3月31日までの除票は保管期間が経過しているため、除票の写しを交付することはできません。
平成25年4月1日以降に除票となった場合は、150年間保管されます。",,前住所・転居未申請・住民票除票・取得方法,,,,,,,,,
faq,jukyo,,,"賃貸借契約書には所有者が載っていません。 
重要事項説明書は載っています。 ",,"重要事項説明書に所有者が載っているのであればその方を入力してください。 
但し、所有者が載っている重要事項説明書は提出不要です。 ",,賃貸借契約書・所有者記載なし・重要事項説明書・入力方法,,,,,,,,,
faq,jukyo,,,"父が所有しているマンションンに転居します。
貸主である父は海外に居住しているため住民票を取得できません。
代わりになる提出書類は何になりますか。",,"貸主の住民票を取得できない場合は
・戸籍の附票
または
・住民票の除票の写し
コピー可

※親族からの借受は原則住居手当の支給対象外になりますが、書類で確認を行うので提出が必要です。（2020/12/22　事務局確認済み）",,海外居住父・貸主・住民票取得不可・戸籍附票・住民票除票・親族借受,,,,,,,,,
faq,kyuyo,,,"口座変更はいつまでに手続きすればよいですか？
/いま申請すると、何月分の給与から変更になりますか？
/賞与(期末・勤勉手当)の振込に間に合いますか。",,"給与支給の１５営業日前までに届け出が必要です。
庶務事務システムの申請ボタンを押下すると「届出口座は、〇月の給与支給からの適用予定となります。よろしいですか。」とメッセージが表示されますので、ご確認のうえ、申請ボタンを押下してください。",,口座変更・申請期限・15営業日前・適用月・賞与,,,,,,,,,
faq,kyuyo,,,通帳を確認すると「総合口座」となっています。申請画面の預金種目どちらを選択すればよいですか。,,預金種目は「普通」を選択してください。,,総合口座・預金種目・普通,,,,,,,,,
faq,kyuyo,,,入力する桁数がわかりません。,,"銀行の場合は７桁の口座番号を入力してください。
ゆうちょ銀行の場合は８桁の口座番号を入力してください。
なお、口座番号の桁数が足りない場合は、先頭に「0」を追加してください。",,口座番号桁数・銀行7桁・ゆうちょ8桁・0補填,,,,,,,,,
faq,kyuyo,,,ゆうちょ銀行の申請を行い、支店コードが異なる理由で差戻しになりました。支店コードはどれを確認すればよいのですか。 ,,"ゆうちょ銀行の場合は、支店コードではなく「記号」と記載されている番号を入力いただきます。 
通帳やキャッシュカード記載の頭が「1」、末尾が「0」の5桁の数字を入力してください。",,ゆうちょ銀行・支店コード・記号・差戻し,,,,,,,,,
faq,kyuyo,,,登録されている給与口座を削除したいです。,,申請画面にて、振替先に登録したい口座のみを入力してください。現在の登録内容から上書きされますので、削除したい口座は入力しないでください。,,給与口座削除・上書き・登録変更,,,,,,,,,
faq,kyuyo,,,"★★銀行が5/1から「◆◆銀行」に変更になります。
金融機関コードと名称が変更になります。 
申請は必要ですか。 ",,"申請の要否を確認し折り返しご連絡いたします。

※金融機関コードが変更になる場合は申請が必要ですが、金融機関の統廃合等での変更の場合は、一括処理を行う場合がありますので、折返し対応としてください。
一括処理が行われる場合は、職員からの申請は必要ありません。 ",,銀行名変更・金融機関コード・申請要否・一括処理,,,,,,,,,
faq,kyuyo,,,"支店コードは変更ないですが、支店名だけ変更になります。
申請は必要ですか。",,支店名のみの変更であれば、申請は必要ありません。,,支店名変更・支店コード変更なし・申請不要,,,,,,,,,
faq,kyuyo,,,"給与口座振替の届出を申請しました。
・入力した振替額の金額を間違えたので修正したい。
・入力した金融機関の情報を間違えていたので修正したい。",,"※まず、その申請のステータスを確認してください。

①「センター確認待ち」
職員ご自身で修正いただけます。
操作手順：給与手当＞給与口座振替の届出：センター確認まち：あり＞修正＞申請ボタン押下

②「センター確認中」
職員様ご自身で修正していただくことができません。
お日にちをいただきますが。差戻ししますので、修正し再度申請ボタンを押下ください。
※認定メモへの入力および、SVへ連携してください。

③「完了」
申請が完了しておりますので、修正することができません。
正しい振替額や正しい金融機関の内容にて、改めて申請してください。",,口座振替誤り・修正方法・ステータス・センター確認待ち・確認中,,,,,,,,,
faq,kyuyo,,,申請した内容通りに振り込みされていません。,,"※まず、その申請内容（職員さんの認識通りかどうか）およびステータスを確認してください。

①「完了」以外
申請がまだ完了していません。不備等がない状態で翌月から反映となります。
具体的な支給額については、申請が完了してから、恐れ入りますが、ご所属の労務主管課へお問い合わせください。

②「完了」
指定額に満たなかった場合は、全額または残額指定口座に入金される場合があるようです。
具体的な支給額については、センターからご案内ができませんので、恐れ入りますが、ご所属の労務主管課へお問い合わせください。

③認識と違う申請内容だった
「センター確認中」→お日にちをいただきますが。差戻ししますので、修正し再度申請ボタンを押下ください。
※認定メモへの入力および、SVへ連携してください。
「完了」→正しい振替額や正しい金融機関の内容にて、改めて申請してください。",,口座振替・振込相違・ステータス確認・完了前・適用月,,,,,,,,,
faq,tsukin,,,以前所属で認定した内容と、今回の認定内容が異なる。,,"
ご所属で認定を行った際に、本来ならば認定されない経路が認定されてしまっていた場合もあるようです。
現在は庶務事務システムで申請いただいて、一律の基準で認定しておりますが、所属での過去の認定内容と相違する場合もあるようです。
＊＊＊＊＊＊＊＊＊＊
（参考）
所属で認定していた時期（センター稼働前）には、規定から外れる経路やバス利用が認定されていた経緯がある。庶務事務システム＞案件照会（保管期間5年）および聞き取りにより、過去に所属認定されているようであれば、上記回答をしてください。
以前もセンターで認定しており、以前と今回とでは認定結果が異なる場合は、以下NO.2の対応とする。
",,通勤届・認定内容相違・以前所属認定・基準変更,,,,,,,,,
faq,tsukin,,,以前センターで認定した内容と、今回の認定内容が異なる。,,"交通用具・・・　「総務局労務課（制度を管轄している部署）と調整の上、認定に関する運用ルールの変更があったため、以前の認定内容と相違があるようです。」
それ以外　・・・　「何度か認定基準の改定があったため、以前の認定内容と相違があるようです。」
「昨今の運賃改定により以前の認定内容と相違がある場合があります」
＊＊＊＊＊＊＊＊＊＊
（参考）
改定内容・運用ルール変更の具体的な内容は説明しないこと。詳しい認定方法（使用ツール名、申請バス停をいくつ確認するか、職場マスタ、職場最寄駅など）は説明しないこと。
運用ルール変更についてはＨ26/4、Ｈ27/4、Ｈ28/1にあったと答えてよいが、マニュアルや規定に変更はないので、マニュアルが変わった・規定が変わったとは言ってはいけない。",,通勤届・以前センター認定・認定内容相違・基準改定,,,,,,,,,
faq,tsukin,,,他者は認められている。,,"認定結果は、ご自宅の位置から勤務地までを確認した結果となります。同じ部署の方で近所の方であっても、住所が異なれば認定結果が異なる場合もあります。
＊＊＊＊＊＊＊＊＊＊
（参考）
近所に住む同じ部署の人が、申請者より高額な経路や便利な経路で認定されていると申し出る場合があるが、駅までの距離が異なれば認定基準に用いる始発駅も異なる場合があります。始発駅が異なれば経由・職場最寄が異なる場合があるが具体的な説明はしないこと。上記回答程度にとどめること。
他職員の認定結果は個人情報なので伝えてはいけない。",,通勤届・他者認定・住所が異なれば結果異なる,,,,,,,,,
faq,tsukin,,,自宅から駅まで1キロ以上あるからバスに乗っているのに、手当は支給されないのですか？,,"横浜市では通勤手当の支給において、公共交通機関を利用して支給対象となるのは、ご自宅から最寄り駅（or職場）までの徒歩での最短ルートが1キロ以上あり、かつ、乗車区間の営業距離が1キロ以上ある場合です。
ご負担は生じますが、申請いただいた経路で通勤されることについては、問題はございません。
＊＊＊＊＊＊＊＊＊＊
（参考）
両方の条件を満たす必要があります。自宅から駅までぎりぎり1キロ以上になる状況だと、バスの営業距離が1キロに満たない場合も多いです。",,通勤手当・1キロ・バス・最寄り駅・自宅・支給対象・営業距離,,,,,,,,,
faq,tsukin,,,"そのような遠い駅まで歩けというのか。
その駅までの道のりは坂が多いから利用できない。
その駅までの道のりは、治安が悪いので利用したくない。",,"自宅から1キロ圏内の駅は徒歩圏内とみなされ、通勤手当の基準においては、1キロ圏内にある駅すべてが自宅最寄駅候補となります。1キロは直線距離ではなく、徒歩で通行可能が道路の最短距離です。
あくまで手当のうえでの規定なので、この駅から通勤することを強制するものではありません。申請された経路を利用して通勤されることに問題はございません。
＊＊＊＊＊＊＊＊＊＊
（参考）
始点駅が申請駅と異なった場合や、始点駅が申請駅よりも遠くなった場合に申し出る場合があります。
「利用を強制するわけではないこと」「申請駅を利用すること自体に問題はないこと」「1㌔以内はすべて最寄駅という大原則があること」をお伝えする。自宅に一番近い駅が必ず認定されるわけではない。

1キロの計測について。マンションの場合は、マンション敷地内の出入口からの距離です。複数棟ある大規模マンションも同様です（居住棟の出入口や、個人の玄関からではありません）。
自宅から1キロ圏内にある駅のうち、同じ路線の駅が複数ある場合は、自宅から近いほうの駅が自宅最寄駅候補となります。
自宅から1キロ圏内に駅がない場合、申請された駅と、その駅からひとつ遠くまでの駅が自宅最寄駅候補となります。",,通勤手当・1キロ圏内・徒歩圏内・坂・治安・直線距離でなく道路距離,,,,,,,,,
faq,tsukin,,,"その経路は信号が多く、時間がかかる。
その経路は渋滞が激しく通勤に不向きだ。
道が広いところで申請した。認定された経路は狭くて危ない。
消防の場合は、安全な道で通勤することと定められている。",,"
申し上げた経路で通勤することを強制するものではありません。
通勤手当を支給するにあたり、自宅と職場（駐車駐輪場）を結ぶ経路のうち最短距離分が手当額の根拠としての経路となります。ご負担は生じますが、申請された経路を利用して通勤されることに問題はございません。
＊＊＊＊＊＊＊＊＊＊
（参考）
一方通行や交通法規上通行不可能な道があると申し出があった場合は、「再度確認いたします」として引き取ってください。
NavitimeやMapfan等、認定に使用している具体的なツールは公表しない。
",,認定経路・信号・渋滞・危険・強制でない・最短距離,,,,,,,,,
faq,tsukin,,,"その経路は申請経路よりも時間がかかる。
所要時間は何で計測したものか。",,"申し上げた経路で通勤することを強制するものではありません。通勤手当を支給するにあたり、手当額の根拠としての経路となります。申請された経路を利用して通勤されることに問題はございません。
所要時間は実測ではなく、終日の平均値です。
（聞かれたら回答→）横浜市より指定されたツールを使用しています。
＊＊＊＊＊＊＊＊＊＊
（参考）
朝の通勤時間帯では、実際の所要時間は計算上の時間よりも大幅に増大することもあるため、所要時間に焦点をあてた疑義の場合もある。「計算上では所要時間に大差ありませんでした」と言ってはいけません。申請者を刺激するだけなので避けること。
NavitimeやMapfan等、認定に使用している具体的なツールは公表しない。
",,認定経路・所要時間・終日平均値・強制でない,,,,,,,,,
faq,tsukin,,,"その経路よりも申請経路の方が10分以上短縮できるはず。
著しい金額差ではないはず。",,"10分は実測ではなく終日の平均値となります（著しい金額差とは倍以上のことを指します）。申し上げた経路で通勤することを強制するものではありません。通勤手当を支給するにあたり、手当額の根拠としての経路となります。申請された経路を利用して通勤されることに問題はございません。
＊＊＊＊＊＊＊＊＊＊
（参考）
基準経路よりも10分以上短縮でき、差額が倍未満のつもりで申請された場合
朝の通勤時間帯では、実際の所要時間は計算上の時間よりも大幅に増大することもあります。計算上では所要時間に大差ないことを強調することは、申請者を刺激するだけなので避けること。
時間のことを問われたならば「実測ではなく終日の平均値となります」と回答すること。
著しい金額とはいくらまでのことであるかは基準（給与業務マニュアル）には明示されていませんが、倍以上を著しい金額として運用することを労務課から示されている。運用ルールとして示されているだけなので職員に公表しないこと。

最も廉価な経路が複数ある場合は、所要時間＞乗り換え回数＞営業距離、の優先順で判断します。",,所要時間差10分・著しい金額差・強制でない,,,,,,,,,
faq,tsukin,,,"その経路は乗り換えが困難。
その経路は特急が止まらない。",,"
申し上げた経路で通勤することを強制するものではありません。通勤手当を支給するにあたり、手当額の根拠としての経路となります。申請された経路を利用して通勤されることに問題はございません。
（聞かれたら回答→）経路の確認は、横浜市より指定されたツールを使用しています。
＊＊＊＊＊＊＊＊＊＊
（参考）
認定に「駅すぱあとを利用している」程度は案内してもよい（庶務事務システムの給与手当画面や申請画面に、経路探索ツールとして駅すぱあと（簡易版）が表示されているため）
",,乗り換え困難・特急停まらない・強制でない,,,,,,,,,
faq,tsukin,,,申請経路で定期券を買ってしまっている。,,"
申し上げた経路で通勤することを強制するものではありません。通勤手当を支給するにあたり、手当額の根拠としての経路となります。ご負担は生じますが、申請された経路分の定期代を購入し、通勤に利用されることに問題はございません。
＊＊＊＊＊＊＊＊＊＊
（参考）
例年「定期券チェック」が実施され、不正がないか確認されます。その際に認定結果と異なる定期券を所持している場合に不正となるのではと不安になって聞かれる場合があります。また、持ち出しになるのが納得できない場合もあります。

※定期券登録に関する操作手順の案内になった際は、＃２出張旅費チームに電話転送してよいです。
　転送先は内線表を確認してください。
",,申請経路・定期券購入済み・強制でない・負担容認,,,,,,,,,
faq,tsukin,,,"定期券登録はどうしたらよいか。
定期券登録をし直しすべきか。",,"
定期券登録と通勤届は別の手続きです。定期券登録は、通勤届の認定結果に関わらず、ご自身がお持ちの定期券を登録してください。すでに申請経路での定期券をお持ちであればその内容で定期券登録してください。申し上げた経路で定期を買い直した際には、改めて定期券登録をしてください。
＊＊＊＊＊＊＊＊＊＊
（参考）
「定期券登録」は旅費審査で確認する項目ですが、通勤届と混同して聞かれる場合があります。旅費は手持ちの定期券を除いた分が支払われるため、自費で買った定期券（通勤手当が出ない区間の定期券）を使って旅費精算したら、旅費も結局は自費ということになるだろうという疑問がうまれ、損した気分になるといわれる場合があるが、取り合わなくてよい。安易に同意するようは発言はしないこと。正しくルールに則った対応をしているだけです。

※定期券登録に関する操作手順の案内になった際は、＃２出張旅費チームに電話転送してよいです。
",,定期券登録・通勤届・別手続き・認定結果によらず,,,,,,,,,
faq,tsukin,,,申請した経路で通勤した場合、通勤災害時などに問題にならないか。,,"申し上げた経路は、あくまで手当支給額の根拠としての経路です。実際は申請通りの経路を利用して通勤されることは問題ございません。通勤災害発生時は日常利用している経路で判断され、通勤手当の認定経路と同一でなくても支障はないと伺っております。通勤災害の詳細は労務主管課（注）へお尋ねください。
なおセンターで修正した内容は、庶務事務システムからご自身でご確認いただけます。申請が完了しましたらご確認いただくことが可能です。
＊＊＊＊＊＊＊＊＊＊
（参考）
申請経路通りの手当が出ないことは理解しているが、認定された経路だけが記録に残り、実際の通勤経路が異なるのでは、通勤災害にあった場合のことが心配して聞かれる場合がある。
労災、通勤災害については、知識として知っていたとしてもヘルプデスクで案内することは禁じられています。
ヘルプデスクでの説明を許可されている範囲は「通勤災害発生時は日常利用している経路で判断され、通勤手当認定経路と同一でなくても支障はないと伺っております。通勤災害の詳細は労務主管課へお尋ねください。」のみ。
（注）労務主管課からのお問合せの場合は労務課へお尋ねくださいと読み替える",,通勤災害・申請経路・日常利用経路・問題なし,,,,,,,,,
faq,tsukin,,,納得できない。,,"ご納得され難いということならば、疑義申立として関係所管へ持ち込みとさせていただきます。後日○○様宛に労務主管課から連絡があります。それまでお待ちください。ご連絡までは1か月以上かかる場合もあるようです。その間、本申請は保留となりますのでご了承ください。
＊＊＊＊＊＊＊＊＊＊
（参考）
基準通りの認定結果をお伝えしているだけなので、認定結果が不満ということは疑義申立です。「関係所管でもう一度確認する」とか「再認定する」と絶対に言わないこと。お伝えした認定結果が誤りだと誤解されます。シンプルに上記文言を伝えるまでにして下さい。
これをお伝えした段階で修正を了承と言い出す方もいます。",,認定納得できない・疑義申立・労務主管課・保留・1か月以上,,,,,,,,,
faq,tsukin,,,日によって異なる経路を利用している。,,主に利用する経路、手段で申請してください。,,日によって異なる経路・主に利用する経路・申請方法,,,,,,,,,
faq,tsukin,,,徒歩のみで通勤手当は支給されないことは認識しているのですが、申請しなければなりませんか。,,徒歩のみでも、通勤届の申請は必要です。,,徒歩のみ・通勤手当支給なし・申請必要,,,,,,,,,
faq,tsukin,,,交通用具とは何のことですか。,,"自転車、バイク、車のことを交通用具といいます。
交通用具を利用して通勤手当支給対象となるのは、最短距離が1キロ以上である場合です。使用している経路の実際の利用距離ではありません。
なお支給区分としてはバイクと車は同一金額で、自転車とは区別されます。",,交通用具・自転車・バイク・車・1キロ以上・支給区分,,,,,,,,,
faq,tsukin,,,障害があるため、割引されます。,,"障害者割引等をお持ちである場合、その旨を申請していただいております。
申請画面内、経路検索の箇所に「割引」というプルダウンがあります。そのプルダウンから該当の割引券を選択して、申請してください。（不明であれば「その他」を選択してもらう。）
また障害手帳コピーを添付書類として総務事務センターに送付してください。
鉄道やバス、交通用具を利用した場合、営業距離や最短距離が1キロ以上ある場合が通勤手当の支給対象となりますが、障碍者手帳をお持ちとのことであれば、この距離制限はありません。",,障害者割引・プルダウン・申請画面・その他選択,,,,,,,,,
faq,tsukin,,,"交通用具の申請をしており、経路地図を準備しています。
保育園に寄ってから出勤、帰宅しているのですが、どのように書けばいいですか。",,"保育園送迎のため遠回り通勤をしていても、実際に利用している経路の地図を提出していただきます。
ただし通勤手当の支給にあたっては、申請者の経路に関わらず、その交通用具が通行可能な最短距離分が支給されます。
その他、坂道の少ない経路、信号の少ない経路、通院などの理由も同様です。",,交通用具・保育園送迎・経路地図・最短距離,,,,,,,,,
faq,tsukin,,,利用している駐輪場や駐車場の契約書を提出するようにとあるが、青空駐輪場のため、提出できるものがありません。,,"駐輪場や駐車場を契約して利用している場合、コインパーキングや1日利用駐輪場を利用している場合には、契約書や利用券などを添付していただいています。青空駐輪場のように契約書や証明書のない場所への駐車駐輪に関しては「申出書」を提出してください。
その他、個人の好意で使わせてもらっている等も同様です。",,青空駐輪場・契約書なし・申出書・コインパーキング,,,,,,,,,
faq,tsukin,,,4月に申請したのに、7月になってもまだ完了していません。定期も買っているので、結果によっては持ち出しになりますよね。金額が大きくならないか不安です。,,4月の異動に伴い、多数の申請をいただいており、確認にお時間をいただいております。お待たせして申し訳ありません。順次確認しておりますので、お待ちいただければと思います。,,4月申請・7月未完了・多数申請・確認待ち,,,,,,,,,
faq,tsukin,,,"実際の支給はいつになりますか。
いつ完了すれば何月の給与に振り込まれますか。",,"実際の支給がいつになるのかについては、申請が完了後に、ご所属の労務主管課にお問い合わせください。

（聞かれたら→）手当の始期について、事由発生年月日は15日以内に申請された場合、その日の属する月の翌月（その日が月の初日なら当月）から適用されます。15日を超えた場合は、申請された日の属する月の翌月から適用となります。実際の支給タイミングや支給単位、追戻入についてはセンターではわかりかねます。労務主管課にご確認ください。
",,通勤手当支給時期・申請完了後・労務主管課・翌月適用,,,,,,,,,
faq,tsukin,,,申請を取り下げたい。,,"※取り下げたい理由、申請のステータス、添付書類にセンターに送付していないかを確認する

削除希望であっても、必ず申請が必要な案件もあり削除ができない場合もあります。
誤って同じ内容を再申請してしまった、まだ通勤開始していないのに申請してしまった等、要望通り削除可と判断できた場合は、ステータス毎に下記をご案内する。判断できない場合はSVへエスカレする。

ステータス「確認待ち」→ご自身で削除いただけます。
ステータス「センター確認中」→差戻しされたら、削除してください。差戻しにはお日にちをいただく場合があります。
ステータス「データ送付済み」～→確認します。お日にちをいただく場合がありますが、関係所管からご連絡となります。
添付書類を発送していた場合→送付いただいた書類は後日センターから職員様宛に返送いたします。
",,申請取り下げ・ステータス確認・削除・必要な申請,,,,,,,,,
faq,tsukin,,,間違った経路で申請してしまった。申請した経路で通勤したことはありません。修正したい。,,"ステータス「確認待ち」→ご自身で修正いただけます。
ステータス「センター確認中」→センターで修正します。正しい経路を詳しく聞き取ってください。
ステータス「データ送付済み」～→正しい経路を詳しく聞き取り、SVへエスカレする。",,経路誤り・修正方法・確認待ち・センター確認中・エスカレ,,,,,,,,,
faq,tsukin,,,センター確認中ですが、通勤経路を変更しました。完了してから、次の申請をすればよいですか？,,"完了を待たなくても、申請していただけます。
通勤経路を変更した日を事由発生年月日として、15日以内に申請してください。
＊＊＊＊＊＊＊＊＊＊
事由発生年月日が同日でなければ、複数申請可です。",,センター確認中・経路変更・完了前に新規申請可・事由日,,,,,,,,,
faq,tsukin,,,"私は、職場から特別な許可を得て、その駅を使っています。
それでも、通勤手当は支給されないのですか？",,"（詳しく内容を聞き取ってから→）伺った内容を担当者に申し伝えます。センターもしくは関係所管からご連絡いたします。
＊＊＊＊＊＊＊＊＊＊
センターが把握していなかっただけで、新ルールが設定されている場合もあります。詳細を聴取してください。",,職場許可・特別経路・担当者確認・関係所管,,,,,,,,,
faq,tsukin,,,自分で何度か計測してみましたが、すべて1キロ以上ありました。,,実測ではなく、横浜市から指定されたツールを使用しております。ご負担は生じますが、申請通りの経路を利用して通勤されることは問題ございません。,,自宅計測1キロ以上・指定ツール・実測でない,,,,,,,,,
faq,tsukin,,,同じマンション内で転居をしました。申請は必要ですか,,申請は必要です。,,同マンション内転居・申請必要,,,,,,,,,
faq,tsukin,,,怪我をしてしまい、通勤が難しくなったため、負担の少ない経路で通勤をします。高額になりますが、考慮してもらえますか。,,"申請前の場合：ご所属の労務主管課へ相談ください。
すでに申請済みの場合：確認担当に申し伝えます。ご所属またはセンターから連絡をさせていただく場合があります。
＊＊＊＊＊＊＊＊＊＊
怪我のため家族に送迎してもらっているときも同様の扱いです。",,怪我・通勤経路・考慮・労務主管課・担当確認,,,,,,,,,
faq,tsukin,,,水道局(企業局)から異動してきました。通勤届の申請は庶務事務システムからよいでしょうか。,,庶務事務システムからの申請ではなく、ご所属で紙申請をしてください。,,企業局・水道局・通勤届・紙申請・所属対応,,,,,,,,,
faq,tsukin,,,バイクの排気量が少ないため、バイパスや有料道路を通行できません。距離算定にそのような道路が含まれていませんか。,,バイパスや有料道路は指定していません。,,バイク・排気量・バイパス・有料道路・距離算定外,,,,,,,,,
faq,tsukin,,,所属異動があり、同じ市庁舎内ですが１０階から５階に移転しました。申請はいりますか。,,同じ建物の場合には申請は不要です。,,同一建物内異動・申請不要,,,,,,,,,
faq,tsukin,,,事前に、認められる経路を教えてほしいです。,,"
経路については、事前にご案内はしておりません。センターでは申請していただいた経路をもとに、基準に沿って確認しします。
認定の基準について、簡易的なものであれば、YCAN＞給与手当＞通勤届＞制度概要　からご確認いただけます。さらに詳しく聞きたい場合は、ご所属の労務主管課にご確認ください。
",,事前確認・認められる経路・案内不可・制度概要,,,,,,,,,
faq,common,faq_search,,なぜ送付票をつけなければならないのですか。,,"送付票は申請(者)と添付書類を紐づけるために必要な書類です。書類によっては、送付票が添付されていないため「誰の、どの申請の書類か」が不明となり審査を進められない場合があるため、必ず添付してください。

申請ボタンを押下後に、送付票を出力することができます。
申請後に再度送付票を出力したい場合は、庶務事務システム＞給与手当＞状況確認＞対象年を「R07年」に設定＞検索し、対象の行にチェックを入れて、送付票を出力することができます。",,送付票・添付書類紐づけ・申請者確認・出力方法,,,,,,,,,
